GGA,ATG,CGC,CAC,GCA,GCC,GCG,GGC,ACG,TCA,CTC,TGC,GCT,GGC,GCT,GTG,GCT,GAT,ACG,CAG,GCA,GCC,CGT,CTC,GTC,CTC,GAG,GGG,ATC,TTT,TTA,TGC,TAA,GAT,TCG,ATG,CAC,GAC,ACC,CCT,AGC,TCA,CGT,GAA,GTC,CTG,GGC,ATC,CAC,CAC
TTG,CCA,GAT,GGA,GCG,TAA,ATT,GAG,GAT,CTG,CGC,GTG,TAC,TTC,TTG,TGC,TGG,AGG,TCT,GTT,TGA,GTC,CCA,GGC,TAA,CCC,TCC,GGA,AGA,CAG,ACG,CAC,TGC,ATA,GCG,TAG,TGA,AGA,TTT,CCC,TCA,GAC,AGG,CTC,GAA,ACG,CTG,GGC,TAA,TAC
GAA,ACA,CTA,GGA,AAA,GAT,CAA,AAG,GTG,GTC,ACA,CCT,AGT,CTA,TGA,TGG,ATT,GTA,GGC,CCG,GGT,CAG,GTT,ACT,AGA,GGC,CTT,AGC,CCT,ATT,CCG,CGT,AAC,CGA,AGA,TCA,CCA,GGA,ATC,CGA,CCA,AAG,CTC,TAC,GCG,CCT,CGA,AGG,GTG,GTG
GCT,GTG,CCC,GTG,AAA,TCC,CTC,AAG,AAC,GGC,TAG,TGA,GAT,CGG,CTG,TTG,CAT,CCG,AGT,TGG,AGA,ACT,CAG,TGC,CAC,TTC,CTA,GTG,GAC,CCG,AGG,TGG,CCT,CCA,GGA,CTG,CAA,GGA,AAC,CTA,TCA,ACA,CAG,ATT,GTC,AGC,GCC,TTG,GCA,CCG
CTA,GTT,TCG,GCG,TGC,CCC,CGA,CCT,TGG,CAT,TGT,GAA,AAA,ATC,TCG,TTT,CCT,GTT,GAG,CAA,ACA,TTC,AGT,CCG,AGG,TAT,TAC,CCA,ATT,AGG,TTG,CGG,GTC,AGG,TAG,AAG,TCT,TTC,GCA,TCA,GAT,CTG,GGA,GGG,TCA,TTC,GAA,CTC,CTT,CGA
AGC,TTT,TTA,GTT,AGC,GCC,CTG,ACC,CGG,GGA,TCG,ATA,ACA,GAT,ATA,GGT,TCG,GTA,GGG,GGA,AGC,CTC,ACT,CAA,ATA,TTT,TTA,TAT,TGA,GTG,TCT,CGA,AGG,CGA,AGT,CCG,CGT,ACC,TCG,AAT,ATC,TAG,CCG,GTT,CCC,GCA,CGC,CAC,TGT,GCT
CGA,AGA,CGA,TAA,GCA,TTT,GAC,ACA,ATT,CTG,CAT,AAA,TGT,GCC,CGG,TAT,TGT,ATT,TAA,TCT,TCG,CAT,TGA,ACC,ATC,TCG,CCA,CGG,TCT,AGG,GCC,TTA,CTA,ATA,GAT,GTT,GCA,CTT,AGG,AAC,GCT,TGT,ACT,GTT,AAG,TGG,GGA,GAG,CGT,CGT
CGG,AAC,TGG,CAT,TTA,TTC,ACT,AAC,GTC,TCA,AAC,CTA,CTT,GTG,TAC,CTA,CGA,GGT,CCT,AGA,CGC,CTA,CAT,ACG,TAG,TCG,TTA,AGT,GGT,CAT,GTC,CCG,CTC,CAT,ACC,TAC,TGC,TTA,CCT,GTA,AAG,CGG,GTT,CAT,AAT,GCC,TAG,CGG,TAG,ATA
TTA,AGG,CAA,GCA,CTC,TAT,AGT,TTG,ACC,GCT,TGA,TTA,GAT,AAA,TTA,AGC,CTC,CGT,GCG,TTG,GTC,GTG,CTC,GAC,GAC,TTC,CTA,CGG,TAC,CGC,AAG,TTA,AAC,CAA,GAA,CGC,AGC,GCA,ATT,TGG,TGT,TCA,AGC,GCC,GCG,GAG,TGA,AAG,GCC,GCC
GTC,TAG,GGC,TAG,ACA,ATT,TCA,CGC,GGA,ACA,TCA,CGG,GGG,GTT,CGT,CAT,TCG,GGT,GGC,CAT,AGT,TTG,GGC,GAT,CAA,CTG,AGT,GTC,TTC,CTG,GTT,CTA,GCC,ACA,GTG,TAT,AGT,TCT,ATA,CCC,TGA,AGT,GCC,TCT,CTC,AAA,CAA,CGT,CTA,TAG
GAC,CCG,ACA,TGA,ATA,AAG,TCG,CAT,CAT,TGA,GAG,CAC,CAT,TTT,CAC,CGA,CGT,CGA,CTG,CCC,AGG,CAC,ATT,AGT,GCA,ATA,AGC,TTT,CGG,CAA,ACA,CTC,GTG,CGC,AGT,GGC,CTT,ATA,TGA,ACC,ACC,CCC,GAG,ACA,TAG,ACC,TGC,ATG,ATC,GCG
GTG,CAG,TTG,CAT,CAT,CGT,GGC,GTA,GTT,AGA,CGT,TGG,TGT,CCG,GGC,CGC,TAT,TTT,GGG,GAC,AAG,GGG,ACC,CGG,CCG,GTC,GTT,CAC,GTT,AGC,CGC,TGT,TGA,GGC,GTC,CAT,GGC,GAC,TAC,AAA,ATG,CGG,GTC,TAC,GCG,GAT,AAA,TCG,TTA,CCC
GTT,GGT,GAG,GTA,ATG,TGA,ATT,ACT,CAC,ATT,TGA,GGG,AGA,CCG,GTT,CCT,GCT,GGG,CGG,CTA,GCG,TTG,CTG,CGC,CTT,AAC,GTA,GGG,AGA,GAC,AGA,CTT,GCT,GTT,CGC,ATA,AAG,TGG,TCG,CGA,ATA,CTT,ATA,TGG,TGG,GGA,TAA,GAC,CCC,GGA
GTA,GGT,GCT,AGT,GTT,CTC,GAA,TAG,AAT,ACA,TAA,AAC,GGC,ATG,CAA,TTA,CTC,CTT,CTG,GTG,CTG,CCC,TGC,TAT,TGT,TGG,AGA,TGT,TGA,ACC,AAG,CGA,CGA,GAG,CCG,CAG,TCT,TGG,TTA,TAG,TGA,GCA,TCA,CGT,CTG,ACA,GCA,AAT,CAG,GGT
ACG,TCC,CCA,TTA,TAC,TGC,ACT,CCA,GGC,CTG,GGT,CCT,GCC,TCA,CCA,ATT,GTC,TGA,ATC,AGT,AAC,ATC,GGA,TCC,ACT,ACA,TCA,GTG,TTG,GGT,CCC,GTT,GGA,ATT,CAG,ATA,CCA,GAA,TGA,CGG,GGT,TAA,CGG,CTC,CGG,GCG,GCC,CCT,CCC,CAG
ACT,GTT,TCT,AGC,TGA,TCG,TAT,GAT,CGA,TCG,GAT,GTG,CGA,CGG,GTC,CAC,TCT,TAC,ATC,CAA,GAT,GCT,AGA,AAA,CCT,ACG,TAT,ATA,CGG,GTG,GCC,TTG,CGT,ACG,CCA,ACT,AGG,CCC,GAC,TAA,GAT,ACT,GCG,GAT,GAT,CGT,ACA,CCC,TCC,GTC
AAG,AGT,GTG,TCC,CTG,CGG,ATG,TAG,ATT,CAT,GGC,AGT,ACG,CCT,CTC,CGT,GAG,TTT,CTT,ACC,GCA,CGC,ACG,TTG,TTG,ACT,ACT,ACG,AAT,CTA,GGT,GGG,ACA,ATC,CCT,GCT,TAT,CCA,GAT,CTT,ACA,GAC,TAG,ACT,AGG,CCG,GCT,CCA,CTA,TAC
GGG,TCT,GGT,AAT,GAA,ATA,TTG,TGG,AAT,AGT,CTC,TGG,ACA,CCA,ACA,TGC,TCC,TCC,TTC,CTA,TAA,TGG,CCG,CAT,CAT,GAC,AAA,GGT,ACT,TTG,CAC,ACT,ACG,TAG,CAT,AGC,CCC,TCC,ACG,GAT,AGA,ACG,TAT,CCC,AGG,GCG,CCC,ATC,TCA,TTA
CGC,TCC,TCA,GCG,GAC,AGG,TTA,TCC,ATG,TCG,CAT,TAT,CGC,AGC,GTT,TGG,CGA,CAA,TGG,AAG,AAA,CCT,TAA,CTT,CCC,TGA,GAT,TAA,TGA,GTA,GCA,GAC,GTT,GAC,GGG,CAC,GGA,GAC,GGC,TGT,CTC,AAC,CGA,GAC,GTA,AGA,TCA,GAG,CCA,CCC
CGG,ACG,ACG,CGA,GTG,GTG,CTT,GAG,AGC,GTC,TAC,TAG,GGG,GAT,GGC,GCG,CCA,ACA,TAT,TTC,CAC,TCC,GAT,ACC,CGA,CTG,CTG,TTC,TGC,CTA,GAA,AGG,TGT,CTC,AGA,GGT,CTG,AAA,TAC,GTA,TAA,CCA,CGA,TAT,AGT,AGT,AGA,CAT,GAA,GGA
AGG,GAA,CCA,AAT,TAT,ACT,TAC,CTG,GAA,TAG,CCC,CAG,TGA,AAG,ATA,GGT,TAG,GCC,CGG,GTA,GAG,AAC,AAC,CTA,GAA,CGG,TGT,AAG,AGT,GCT,TAG,CAA,AAT,CTC,AAC,GGA,ATT,CTA,ACT,CAC,CCC,CGA,GAT,CGC,AAT,TTA,CGC,CAC,GAC,ACG
CTG,AAA,GGC,CTA,TGG,CCT,TGA,ACG,TAC,AAC,ATG,TCT,AGT,TTC,TCA,GAA,ATA,ACG,AGA,ACA,TCA,CCG,CGT,CTC,GCG,AGA,GAA,CAC,GAC,AGA,TGC,CCT,TCT,TTA,CGA,ATG,TCA,TTC,GCA,ATT,CTA,ATG,GTC,TAC,AGA,CAC,CTA,GCG,AAA,CGT
GGA,GAC,AGG,AAT,ATT,CGC,ACA,GGG,CAG,AAC,GGG,AGG,GTG,CCA,CCG,TGG,CTT,GAT,CGA,AGC,GGG,CCT,TAC,AGC,TTG,CCT,CGA,CTT,CTT,GAG,GAC,AGC,CTA,GGG,GTC,CAA,GTG,CGA,CCT,CCT,GAA,CTA,ATG,AAT,CGA,GCA,CCT,TGT,CTC,CCG
CCT,TCC,TGA,GCC,ACC,TTC,AGG,TTC,CGT,CGA,GTT,ACA,TCT,GCT,CCC,GGC,GAA,ACG,TTG,ACG,GGA,CGG,AAA,AGA,TGT,CCA,ATA,GCA,TAA,AGG,TTT,ACG,CAG,CGT,TCA,AGA,AGG,CAA,TTA,CTC,GAA,CGA,GTC,CAA,TCG,GAA,AAT,GTC,TCC,AAG
CTT,GGG,AAT,TAC,CGA,ATT,ACT,AAT,GGG,GTT,TGA,TTC,TAG,TGT,TCC,CCA,CGA,GTC,AAT,GTC,CTG,GCC,ACT,TCC,CAA,GAA,TCT,ATG,ATT,GCT,TAA,GTG,GTC,ATC,GTT,GAT,CGA,GTT,ACC,TAA,CGG,ATT,GCA,AAA,CGG,TCG,AGC,GCA,CTA,GCA
ATT,TGT,TTT,CCA,CAT,TAT,GAC,TAT,GTA,GTG,AAT,ACT,AGC,TAA,CGA,CGG,GGA,GTG,GAC,TTC,TTT,TAG,CTA,CTT,CAC,TCC,ATG,TTT,ACG,AAT,CAA,ACG,CTG,GTA,TCA,AGG,GTG,CAA,GTT,AGA,TTC,GGC,TTG,AGT,AGT,GTG,TAC,ATA,ACG,CTT
ATA,GTC,GCC,CGT,ACT,CGG,CTT,TTC,CTC,GTA,GGA,TCT,CTA,TCA,TGT,GTG,TCA,TGG,CCA,AGA,CAA,GTC,TGT,TAA,CAC,CGA,ACG,ACA,TAT,ATA,CCC,ATA,GTA,GTA,GGG,ACC,AGG,TTC,GAC,GAG,CTC,CAT,CTC,AAC,CTC,ATC,ATC,CTT,CTC,CCA
GGG,TCG,CCG,GAG,AGA,CCA,AGG,TAA,ATA,GAG,GTT,GGC,TAT,GTA,GAC,ACG,TGC,AGG,TGC,AAG,TAC,TAG,CCT,TAG,GCA,CAT,TTT,CCG,GCC,TTC,GTG,TGA,GAA,GAT,TAA,ATT,TGA,TTC,ACG,ATC,TCT,CTC,ACT,AAT,GCC,GGT,TCA,ATT,ATG,CAG
CAA,GGT,TTC,CCA,CGC,CCG,GCT,AAC,TAG,AAG,GAT,TCG,ATG,AGT,AGT,ACT,CAT,TGC,AAG,GAT,CGA,CAC,AAC,GTG,GGA,GAG,GCC,GTG,CGC,TTC,GAC,CTT,CGC,TAT,CAA,AGC,CTT,AGT,CGG,TGT,GGC,AGT,GTG,TAA,CCG,CGG,GCC,GGA,CGA,CAT
TCC,ATC,GCG,CCT,TAA,TTA,GCA,AAG,GTG,TAT,AAA,ATC,ACC,GTA,CTT,CGC,AAC,CGC,ATC,TTT,GTA,CCG,AAG,TTT,CCG,AAC,AGA,TCT,ACT,GGG,GTA,TGC,CGC,GGG,AGC,TCT,GGT,CAG,ATT,CCA,GGT,GCC,AAG,CTT,TGT,AAA,TTA,GAC,CGA,CCA
CAT,GTC,GTT,CCG,TTG,GGT,GTA,TAG,CAG,TAC,ACG,GAC,GAA,ACA,AGG,ACT,AAA,AGC,CCA,CGA,TCT,AAG,TGC,AGA,TTC,ATT,CAG,TCC,GTT,GAA,ACT,GAT,TTG,CCG,TTT,TGG,GAT,TAA,TGG,GTC,TTC,TTC,CAT,GTC,CTC,TTA,GTT,AGA,CAG,GGG
TTA,TCC,GAT,GAT,GCA,CAA,GCG,GCA,GGC,GAC,CAC,ACG,GGC,CCA,ACA,TGT,TGA,AAT,TGC,CCG,CAC,TTA,GTG,ATG,ATT,CAG,GGC,TGG,GAG,GTT,CCT,TCG,ACA,TTT,ATG,AGG,TCC,CAC,ACA,TGG,CCA,GTA,CGT,TCA,AAT,TAG,GAG,TTG,ATC,GCG
CAA,GGA,CTC,TAT,AAG,CCC,GTA,AGG,TTT,CTC,ATT,AAG,TGT,AGT,AAC,AGG,AGG,CCC,CCT,TGC,CTC,AGC,ACC,TTT,GCC,CGG,CCA,TAC,AGA,CTT,GGG,TTG,TTC,GAC,GAG,GGG,CCG,GTG,AGC,GCA,ATC,TTG,AAA,GCC,AGC,ACA,GCC,GGG,AGG,TAT
AGG,GGT,GAC,ATG,CTG,TGG,TAC,CGC,TCT,AGT,CAA,TCC,TGT,TTC,TGA,TGA,AAT,CAG,AAT,GTC,GCT,ACA,CGG,ACC,GCA,CTT,CAT,TTC,CGG,GGT,GGA,AGA,AGC,TGA,TTA,CTC,AGC,AGC,GTA,TGG,TAA,GTG,CGT,CCC,CAT,ACA,TTT,GGG,CTC,GCT
CCC,CGA,AGC,CAC,TGT,CCC,GGG,ACA,GGG,TGC,AAA,CTC,CAA,AAT,GAC,CGC,TGA,TTC,ATT,GAC,GCG,CAG,CAG,AGA,GAA,CAT,GAG,GCA,TAG,GGA,AGG,GAC,GGG,GAC,ACA,CCG,CGG,ACA,CCA,TCG,CCT,TGC,ACT,GCG,CCC,CCT,TAG,TAA,AGA,GGG
GCT,ACG,GAG,GAC,GAC,ACG,GCC,GTG,CTT,ACC,TAG,CGT,AGG,GTA,GGT,TAT,AAG,GAG,AGT,GTA,ACT,ATT,CAA,ACG,CCA,ACT,GGA,ACT,TTA,CAG,GTC,AAT,TTA,TGA,GGG,GGT,TAG,GCA,TTG,GAT,AGC,CAA,GAA,GAG,CGG,GCT,GGG,CTG,TAC,AGG
GCT,TTC,CCT,TCC,CGG,TTT,TGT,TAC,GGC,CCC,TCC,CAC,CCT,CCG,TAA,CCA,CGG,GAG,CTG,TGC,TCC,TAA,AGC,TGG,AGC,AAA,CTA,TCT,ACG,TTG,CTG,GAG,ACG,ACC,TTA,AAC,TTA,AAC,ACC,CAG,CGT,GCC,CGA,CTG,GGC,TAG,AAT,TGG,GTC,CGT
TCG,TCT,ACA,ATC,AAA,TAG,TGT,CGA,GAT,TGA,CCG,ATA,ATA,GCA,CTT,ACG,TGT,CGA,AAT,ACC,TAA,AGC,GAT,TCG,AGG,ACT,TGC,AGT,TCA,ACA,AGA,AAC,CTG,CTC,GAG,CGT,ATA,GCA,AAT,ACG,TCC,GTA,GCC,GCA,TTC,TTG,CCG,GAT,CGG,AAC
ATT,CTA,CTA,GCG,AAC,TCT,GGC,TGT,CTG,AGT,CAT,AAT,ATG,AAG,TCA,TTG,TAT,CCT,ACA,TCG,GCA,ATT,GGC,GAG,ACG,TCT,GGA,TCT,CAC,AAT,TAG,GGA,CTT,CTT,AGT,CCA,GGC,TAG,TGT,GGG,ACA,AAA,AAA,GGG,CCA,CAT,CAC,TTC,GTT,TAG
ACT,GAA,TTG,ACT,GAT,ACT,AGT,GAG,GAC,CCC,ACA,CCT,GCC,CCA,TGG,AAA,AGA,TCA,TGG,TCA,CAG,CAC,AAG,GGT,CGA,TTG,TTG,AAC,CGC,TCT,GCA,CAG,GAA,CGG,ATG,CGC,TAA,AGT,ACC,GCC,ACT,CGG,ATG,GCG,ACA,GCA,CTT,TAA,TAC,TCT
AGC,TCG,GAT,TTG,ATA,ACT,ATG,ACA,TCA,GTT,CCA,CTG,GCG,GTC,CCC,TTC,CCT,TGG,CAA,CTT,GGA,ACT,TGT,CCG,ACT,GCG,TGA,TCA,CAT,AGA,GAG,CTA,ATC,GAG,TCA,GTC,AAA,AGT,CTA,TTA,ACT,TCG,AAC,TTT,CTT,CGG,ACC,GGC,TCA,AGG
AAC,CGT,AGT,AGG,CTT,CTA,TTC,AAC,GGA,TTA,CGT,GGG,ATT,TAC,ACT,AAA,AAC,AAC,CTG,TAG,AGA,CAC,ATG,CCT,CAT,AAT,CAA,GTG,CAA,TGC,AAA,GCC,CAC,CTT,TTC,GTA,GGT,AAA,ACA,CTC,GCC,ACT,GTC,CCC,AGT,ACT,GAT,CTG,TAT,GCT
ATC,AAT,AGG,ACG,TTG,ATT,TGG,GAT,TTA,CAT,ATC,TCA,ATT,GTC,TGT,CCA,GAA,GGT,ATC,GGG,CTC,ATG,GCC,GGA,ATG,CAC,GTC,CCC,GGG,TTC,TCT,GTG,GGG,TTT,GAC,TGG,GGA,ACT,ATA,CTA,AAT,ATG,CCC,CCC,AAG,CTG,CGA,TTG,GCT,CAA
ATT,ATT,CGG,ATC,TTT,TTG,CCC,ACA,GGG,ACG,TAC,CAC,GGT,GGG,TAT,AAA,TCA,GCT,GTC,ATC,ATC,CGG,ACC,GTA,TTC,GAC,CAT,AAC,AAA,TAA,TGC,TCT,TCT,TCT,CAG,GTT,ATC,TGC,GAA,ACT,TAA,TGT,TTT,ACC,AAC,TGC,CCT,TGG,GCG,GTT
ACG,ACC,CGA,CAA,ATA,TTT,GGG,AAG,CCG,CCA,TTC,CCT,TCG,TTG,TGT,TGT,AAC,AGG,ATC,CTA,GCC,ATA,GTC,CGC,CGG,CAG,GCA,GGT,CAT,TAG,GGT,AAA,GGT,GGC,CTA,ATA,TGA,ATG,CAC,GTG,CTG,TCT,TTC,GTG,CTT,GCA,AGG,CAT,GTT,TTC
CGA,TTA,TTA,AAC,GAA,ATT,CGG,GGT,TAG,GGT,CAC,TCG,CCT,CAG,GAT,CGT,ATG,ACT,ACA,CGA,GAT,CCC,CTC,TCA,ATC,GGG,TTA,TAA,GGT,TCA,TGG,ATC,CCC,TAG,TAC,AAT,CGT,TGG,ATC,GGA,AAA,TTC,TAG,CGT,AAG,TAC,AGT,CCA,CTT,TTG
CAG,CCC,CGC,AAT,CAC,AAA,CAT,ATC,CGT,ATG,TAG,ATA,CAT,CCG,CAT,CAG,GAG,TTA,ACG,CGA,CTA,GGG,CCT,ACG,ATG,AAT,AAC,CCA,ACT,AAT,TTT,CTC,TGC,CGG,GAG,TCC,AAG,TCA,CAG,GAT,CAG,GCG,CCG,CTG,TGG,TTA,CCA,CTA,TGA,ATG
CAC,TAT,AAA,ACT,TAC,ACA,GGA,GAC,AAC,CCA,CGA,ACC,TTT,GCA,AGG,TGA,GGA,AGG,GCG,CAT,CTA,CGC,AAC,GTC,AGT,GTG,CGC,GTC,GCG,TAA,AGA,CCG,AAC,CGG,TTG,CAA,AGT,ATA,AGG,AAT,GTG,AGC,CCA,ATC,CCA,CGA,CCG,TTC,GTT,TCG
GCT,TCG,TCT,GAA,CGC,TTT,ATA,ATA,CTC,ATG,GGG,ATC,GAG,TAC,CCA,GTC,GAT,GTC,ATC,GTC,ACG,TGT,TCG,TCT,GCA,AAC,TAC,TGC,GCA,TTT,AAG,AGA,CGC,AGT,TAT,TAA,ACT,GGC,AGC,CCG,ATG,GTC,CCG,AAT,AAA,CAA,GTT,GTG,TGG,TCC
TCG,GCC,AAG,AGA,TAA,TAG,AGA,AGG,TAG,AGT,AAC,TCG,CCC,TGA,TGG,AGA,AAC,TTT,GCG,CTA,AGA,ACC,CGG,TAT,CAA,CGT,CGA,GCC,CTC,GCG,TGC,CCA,CGT,CTT,AAG,TGA,ATG,CAC,CCC,GGA,TGC,GCG,CGG,GCG,ACA,GAG,TCC,ACT,GAA,GTT
CGA,CAT,CTC,ACT,ACC,TGC,CAT,GCT,GGC,AGG,GTA,TTC,AAA,CTA,TCA,CAC,AGC,GTA,GTT,AAG,CGC,CAA,GTT,CGT,ACC,TGA,ACC,AGG,CCG,CTC,TCG,CAC,TTG,CAC,TTC,AAT,CAC,CGA,TAA,TCA,CTT,AAT,AGT,TGC,ACT,GTA,CAG,TGC,GAG,TCA
ATT,CTC,TAC,TTA,GGC,AGT,GGG,GTA,TGT,GTT,AGA,GCA,AGA,TAC,GTG,GGT,CTC,TCG,CGT,TTG,TGA,AAA,ATG,TTA,GCC,GTC,AAC,CTT,GGC,GAA,ATT,TGT,TGT,GAG,ACT,GAG,GGC,ATT,TCA,GTT,CCT,TGT,GCT,TGT,GGA,AGA,TGT,GTA,AAT,GAA
CAC,ATG,TTG,CGC,GGG,CCT,GGC,ACG,CTA,CAC,TCT,GAA,GTG,CCC,CCT,GCT,CGG,AAA,TCT,CTA,CTG,TTG,GCT,GTC,CGC,TTG,CGA,CTT,TGT,ACC,AGA,TCA,GAC,ATA,GTT,ACT,CAT,ACT,CTC,CAC,ATG,ATA,TTT,GGC,ACG,AAC,CAC,TCA,ACA,GCT
TAA,GTC,AAT,GCC,AGA,GGC,TGC,TCG,AAA,CAA,CAC,ATG,ACG,AAG,TAC,ACG,GAA,AGT,CGA,AAA,TAA,ACT,TGT,CCT,CTA,GGC,CAG,AGA,CAC,GTG,AGC,TGT,CAC,GTT,CAA,ACG,GGC,GAT,GCC,TCA,TCG,CAG,TAC,AAC,TCT,TTC,GAG,TAC,TTA,TGA
GAT,ATG,TGA,GCT,GTC,GTC,TGG,ATT,TCG,TCA,GCA,TTC,CTC,CGT,CGT,GAA,TCT,TCC,AAA,GGG,ACT,GCT,AGG,ACG,TTC,CCA,CCA,TAA,GAT,CGG,AGC,AAA,CTG,GGG,GCA,AAG,ATG,CCA,TGA,ATG,TTC,TTG,GTG,CGG,GCA,ACC,TTA,GCT,ACG,ATA
TGT,CCA,GGT,TGC,GTG,CCG,CGC,ACG,CTT,TGA,AAT,AAA,TTT,GTA,TAA,GCG,ACA,GTA,CAG,ACC,TTA,TAT,TCC,ACC,TTT,GGT,TGC,AGG,AAG,CTT,AGA,CCC,AGC,CGT,GTT,AAT,TTC,TAT,CAG,AGG,GCC,CGC,ACA,CAT,GGT,GCG,ACG,GTC,TTC,ATC
ACC,ACG,GCC,CGC,GCG,GGC,TAT,TCA,CGG,CTT,GTA,CGA,CTT,GCT,GGA,ATA,ATT,AGT,TCT,ATA,GCC,TAC,ATA,TAA,TTT,CCC,GAT,GTA,CAA,TTT,TTT,GAA,CTA,GTA,CGG,GCA,CCC,GCG,CCT,ACA,CGC,ACA,ACT,TGG,ACG,CTA,ATA,TAG,ACC,GAG
GCG,TCA,CGA,TTA,CTG,TTA,ACC,TAT,CAA,GTG,TAA,TAG,TGG,AAC,CCG,TTT,TGC,TCC,AGG,TTG,GAC,TGG,GCG,AAC,AAA,TAC,GCT,AAG,GGT,AGC,TGT,TCC,CGG,TTT,CTC,GTG,CGA,CCA,AGG,CTT,GGC,TAA,CCG,CGA,GCT,CGT,CTA,CGT,CCG,GTA
GAT,ACA,CCC,ATT,CGT,CTT,GGC,CCT,TCC,TAC,AAT,ACA,CCA,GAC,AGC,AAG,ATA,GCC,CAG,TAG,ACA,ATC,ATA,TCG,GAA,TTC,CGG,TGG,GTC,ATG,CCA,CCT,TAC,AAC,GCG,ATC,TTG,CTG,TGC,TCG,ACA,ATT,GCA,CAG,ACT,CCC,GAG,TAT,TAG,CAG
CGG,ATG,ATG,ATT,CAC,TTT,CCC,AAG,CAT,GTA,TCT,TTC,CTG,GGA,CGG,GAC,TTT,GGC,CCA,AAG,ACA,GCT,TTA,ACT,AAT,TGA,CAG,CCA,CAG,ACC,TCT,CGT,ATC,ATC,GGT,GTG,AGG,AAG,GCG,TCA,ATA,ATA,ATA,CGG,TAC,CAT,AAC,TTA,AGC,GGG
CGG,GTA,TTA,CTA,AGG,CCG,TAT,CTG,CAT,CGG,TTA,CTC,GCG,TTA,TGC,TTA,GCT,CCT,TCT,ACT,GGA,CAG,AAG,GCT,TGG,GCA,CAA,ATA,CAT,AGC,AAA,CGA,TCA,GGG,ACA,ATG,CAC,GAC,CAC,AAA,GAT,AAT,GAT,ACA,CAG,CTG,ATT,CGC,CTG,CCG
TAG,GGT,GTA,TAA,TAT,GCC,ACC,CGG,TCT,TTG,GGC,TGT,GTT,TCG,CGC,GCT,ACG,AAT,ATA,CAG,TTT,AAT,AGC,GTT,CTA,TCT,CAC,GAG,GCA,GTG,GAT,CAG,TAG,CAC,CAT,GAT,AAT,AAA,GGT,TTG,ATA,ACC,GCG,CGT,CTT,AAG,TGA,GCT,AGC,GAG
TTA,CCT,CTA,TAG,TAA,CTA,ATA,GGG,GCC,ACC,CGG,CTA,CTA,CGA,GGA,CGC,ATC,CTC,CTC,ATG,TGG,TCA,GCA,TAT,ATT,GAT,GTT,TAA,TGG,CTA,GCG,AAT,CGT,ACC,CTG,GAG,CAG,CAT,TCC,ACT,TAC,CTT,GGG,GGC,ACT,TGG,CGC,AGT,TCG,AGG
GCG,TAG,TAT,TTA,AGT,TCT,ACT,CAA,TCA,GGA,CTT,ATC,CAA,CCG,ATC,CCC,AAT,GGG,GTC,ACT,GGT,GAG,GTA,TTC,CGG,CGC,GTC,GTC,TTT,TGG,GAA,CCT,TAC,GTT,GGG,AAA,GAC,AGA,GAG,TCC,TCA,ATA,AAG,CAA,GGC,ACA,ACC,ATA,TTT,ACT
CCT,ATT,GCT,TTG,AAC,AGT,CGT,TAG,CGA,TTA,TCG,CAG,AAA,CCG,GAC,TTC,GGG,ACA,AAG,TTC,GAT,AAT,GTC,ATG,AAA,CTC,AGG,AGG,TCT,TGT,TTA,ACT,GCC,TAA,AGC,GAA,GCT,TTA,ACG,GAT,ATT,TAA,CCA,CGA,CTG,TGG,ATT,GAT,AGT,TTT
GGG,TGG,GCC,TAT,TGG,TCG,ACC,TCT,GAG,AAC,CAT,CGG,GCG,CTC,GGC,GTA,TCC,CAC,TTA,ATG,CCC,CCT,TCA,GGT,AGA,CGC,GTT,CCG,TAA,ACG,GGA,AGA,CCC,GTC,TTA,GAA,TAT,GGT,GAA,GTT,GCA,TCC,GGT,GAT,TGC,ATT,ATT,CGA,CGG,CCC
GCC,ATC,GAT,TGT,GGA,CGC,ACT,CCC,AGC,AAC,AAG,AGA,CGA,TAA,TGT,TAT,CCG,CGA,GTA,ACC,GCA,AAT,ACC,TTC,ATC,GAA,CTG,TCC,GAG,AAC,CTC,GCA,GGC,CGC,ACT,GAG,TCA,TAC,GGC,GAG,CTG,GGG,GAG,TCC,CAG,CAT,GTT,CAG,AGG,ATT
ACT,GCA,GAG,CTG,GGT,CTC,ACG,TCC,GAT,ATT,CAC,GTG,CAA,GCT,GAC,TTG,ACG,GTT,CTT,TAT,ACC,GGC,TGA,TCT,CAC,GAT,CGG,AAC,ACA,CGG,CGT,TTC,GTC,GTA,CTG,GCC,TCG,GTG,TTG,CAA,TAG,TCA,ATC,GCT,GGA,TTA,GGC,TTT,TGT,AGC
CAC,CTT,TGA,GCA,TTT,CAT,GGT,TGC,TTC,ATC,GAT,CAG,TTT,TCC,TGG,GAA,GGT,CTG,AAC,CTA,CGA,CAG,CTC,TTT,AAA,TTT,GCT,GCC,ACT,TTC,GGT,GCC,CTG,AGG,ACG,CCC,GCG,GTC,GAG,TGA,AGA,CAT,CGG,TTA,GCC,TGA,TGG,TGG,CTT,TTC
TAG,CCA,TGA,TAG,GCC,TAT,ACT,TGA,CGT,CTT,CCC,TTG,CCT,ACG,CGA,GTC,AAG,ACA,TGA,CCT,ACA,GAA,TCG,GGG,ACG,TAG,GAC,TGA,TAA,ACA,GTA,CCC,ATG,TGG,TTA,GCA,GGT,GCA,CCA,GGC,GAG,ATC,TTG,TCA,CCG,TTC,GAA,CTC,AAC,AAG
TTA,ATT,GTG,CAC,CGC,ACC,CTA,TCC,CGC,AGC,CAA,ATA,TGA,AAG,GGT,GTG,ACC,TAT,TAC,TTT,GCA,TAC,TCG,GAG,ATC,GCA,AGG,GCA,CGA,ACA,GAT,AGC,ATT,CCA,CTC,ACA,TGG,TCG,GCT,ACC,AAG,GAC,AGG,CTT,CCG,ATG,TGC,GTC,TCC,ATC
CCG,ATC,GTC,TGG,GGA,ACG,GTA,AGC,AAC,AGT,CCG,TGA,AGC,CGC,AGC,TTA,ACG,CTA,TTC,ACA,TGG,AGA,TGG,GGG,CCA,TAA,TTT,ATT,TTA,ACT,AAC,CCG,CTT,CTG,AGT,GGT,GTG,CGT,TTA,GAG,AAA,GCA,TAT,GCC,TGA,TGC,TTT,CTC,CCA,TCT
GGC,CTT,TCT,TGC,GCG,GGA,CCC,AGG,TTA,TAA,CGG,ACG,GTC,GGT,GCC,ACA,GCT,ACT,TAA,AAT,AAG,CAT,GTA,GCA,AAC,ACA,ATC,CAT,GTA,AGC,GGC,AAT,ACA,GCA,CTA,AGA,TGG,ATG,CGG,GCT,CCT,GAG,TCA,CCC,ATC,GAT,CTA,CGT,CTA,TCC
CAT,GCG,TTT,TCT,CTT,AAC,CGC,TCC,AGG,TTG,TCT,GAG,CCC,GGG,AAC,TGT,TTA,CTT,CTA,GAG,GTG,AGC,TGC,GAT,GGA,TAC,TGT,TAA,TCA,TCC,TTA,ATA,GGC,TGG,CTC,CCA,ATG,GGC,GCA,TCC,CCG,GAG,CTA,CTC,TCT,CCC,AAT,GTG,CTT,CAT
ACG,ATC,GAG,GAT,AAA,AGC,TTT,ACG,GAC,CTA,CAA,GGG,AGC,AGA,TAA,CGT,CCG,GCA,TCG,CCG,TAA,TGG,TAA,TAT,GAG,AAT,GTT,CCA,CAG,GCA,TGG,CAG,CTA,AGG,CCG,ATA,ACC,CGA,CAC,TAT,ACC,TGG,CTT,AGT,CAG,CAC,ACT,CGC,ACC,GAT
CCG,GTT,CAG,TAA,GTC,CAG,CAC,TGT,CGG,GGT,ATC,AAA,TCT,CAA,CTG,AAC,CAT,CTC,ACC,TAA,GCC,TGT,TCG,TCA,CCG,AGT,GCA,CTC,CGG,GAT,ACA,TGT,AAG,GAG,TAC,GTA,TTA,CGA,CTA,TCA,CAG,GGT,TGT,GAG,AAA,TGA,CTT,ACG,ATG,AAG
CGG,CCT,CCT,CGG,TAC,GAC,GAG,GCG,TTC,TGT,TGT,CTA,TGC,GAT,CTC,CAC,ATA,CAC,CGG,CTT,GAC,TAC,TCT,GTA,CCT,CGG,AGA,CGT,CGT,GTC,AGT,GAT,TAT,TAA,TGA,TCT,TGG,GGT,ACA,AGA,CAG,AAG,CCA,ACC,AAT,CAT,ACG,AGG,ATG,CTC
GCT,GCG,ATG,TTC,TTA,CAC,GCT,GCA,TAA,AAG,TGC,GAT,CTT,CGT,CAT,ATC,ACC,AGC,AGT,AGA,CTT,ACT,ACA,GTA,AGG,GCG,TTT,CTT,CCC,AAA,CGA,TGA,GGA,GGA,GCA,TGC,ACA,CCC,CTG,CAG,TTG,GGA,ATG,CGG,TAC,AAC,TCT,CCT,CAG,TGA
CCA,AAG,GGT,TGT,CTG,CTT,ATC,ATA,GCA,TTT,ATG,CAA,CCA,TCC,TGT,ACT,GAC,AAA,ATA,CCA,GAG,CCC,GGA,CCT,GTC,CCA,TCC,CCG,ACT,CAT,CTG,CAC,CAT,AGA,GTC,CGT,TTA,GCA,ATT,CTG,TAC,CGC,GCG,TGT,TAG,GTT,ACG,AGG,AAT,GGG
CCA,GTC,AGA,CCA,AGA,CAT,ACC,TAG,GAA,ATA,TTC,ACC,GAA,GGC,AGA,GCC,CGA,ATT,GTC,GCC,CTT,CGT,AGC,GAG,CTG,TAG,TAC,CTT,GGG,ACC,TCC,TCC,CGC,GAA,AGC,CAT,GAG,GCT,TCC,AAA,CCG,GGA,TAA,TCG,ACA,TAG,TAC,CGA,GGG,GGA
CTT,AGG,AAG,GGA,GGA,CAT,TAC,CCG,GTG,GAA,AGG,GTC,CAT,CAT,CGT,AGT,CGC,TCT,GTA,TCG,TCG,CGG,GGA,CTT,CTG,GAG,CTT,TGA,AGG,CTC,CGC,TCA,TAG,TAA,TTA,GAC,AAC,CTG,TCC,GGG,GAC,GGA,AGC,TAA,ACG,CGC,TGT,CTC,GCC,ATG
TCG,TAA,CGG,TCC,AGA,GTC,GGA,CCC,CAG,TGA,TGG,GTA,ATT,AAT,TTA,GGC,CTA,TCT,GTG,AGA,CAC,CAG,TGT,AAA,ACC,TAC,GGA,AGA,AGG,TTC,AGC,AAC,GAC,TGC,TGA,AAG,GCT,GCA,AAG,CAG,CCT,CTA,CCT,GAC,GCC,GTT,GCG,GAT,TTA,AGG
TGC,GAC,TAA,CCG,TGG,GAA,ATT,GGA,TTT,GAG,CCT,CGG,ACC,TAC,TTC,TGG,TAG,GAC,GAG,ATT,ATC,CCA,CCA,CAC,CGC,CCG,CAC,TAC,CCC,GCC,TCG,GCA,GAG,AGA,TAG,GTG,TTC,GTG,TGA,CTT,CCG,TGC,GTG,ATG,TCT,AGA,TCA,ACA,ACG,ACC
GGT,TAT,GGG,AAG,ACC,CGT,GTA,GAC,TGC,GCA,CTA,TAT,ACT,CCG,CGA,AGA,ACC,GCT,CTA,GTC,GTC,ACC,CCA,GGT,GTG,CGG,TAG,CGA,GGT,ACT,GAA,ACG,AGT,GAG,GAC,TTG,CGA,GCG,CGG,GGC,TAG,CAT,CGG,CCC,TCT,CGC,TGC,AGG,GGC,AAT
ATA,TTA,GAT,TGC,GTT,TGT,CCT,ATT,AAG,GAT,TCA,CGT,GGC,TTA,GCT,ACT,CTA,GTG,ATC,CAG,CGT,TTT,AGC,CGA,AGA,ATG,TTA,GTT,TGA,GAA,CTG,GGT,GGT,ATG,CTT,TGG,TTC,GCG,ATC,AGG,GAC,GGA,GGT,CTG,ACC,TTA,GGT,CGA,TTC,GGA
ACT,TAG,ACG,AGC,TTA,AGG,ACC,ATA,GCT,AGT,TCT,GGT,ACT,CGG,GGA,TCC,CCA,GAA,ACG,ATT,CCG,TAT,ACG,TAC,CAG,CTT,ACC,AAG,AGC,GTA,TCA,TGT,GGC,GGC,AGC,CTA,CCT,CCC,GCG,TGA,AAG,GAA,TCG,CGT,CGC,GTC,ACG,ATG,CTG,AGT
AAG,GCG,CTA,CAT,CGC,GAT,ACG,GAC,GCT,GCT,TCT,GCT,CAC,CGA,AAC,GTT,CCG,TCG,CCT,AAA,ATC,TGA,CAT,TTA,TAG,ATA,GTC,AGC,GTT,GCG,TCA,AAC,ATG,TCC,ATC,GTC,CTA,AGT,CTG,GAA,GCG,ATC,CAG,AAG,GCG,TCC,AGG,CAA,ACA,CAG
TGC,CTC,TTA,CCG,CTC,GAG,CAT,CTC,TGA,GAC,TCC,GAA,CGT,TCA,TGA,GTG,TCT,GAC,TGG,TCA,TTT,CGC,TCT,ACC,GAT,ACT,CAA,GGC,CAA,TGG,CAC,TTA,GCG,TGG,AGC,CGT,AAA,GAC,TCC,GAG,TTA,GAC,ATA,CTC,CTA,GTT,CGG,TGC,CCG,GTA
CCT,GCT,GTC,TCG,CAC,ATA,TGG,GGC,GGC,ATA,AGT,GGC,CCG,AAT,CTC,ATG,GCT,TAC,ATT,CCG,ATA,GCT,CTC,CTC,ATG,CGG,CCA,GTG,CGG,CGC,ATG,CAA,AGG,GCG,TTA,TTC,CCC,AAG,ATC,GTA,ACT,CAT,CCA,AGT,TTC,TTC,CAG,CGG,GGA,AAT
TCA,TAG,ATT,CCG,AAT,AGA,CTA,AGC,GAT,TTA,AGA,AAT,AAC,GGG,TTG,TCA,AGA,TAA,CGT,GGG,GAT,GGA,AGG,TAA,CAT,CTT,TGG,GGA,TGC,TTT,CGA,GTA,ACC,TAC,AAT,AGA,AGT,CCG,GGC,GGG,AAA,TGG,CCC,CTA,GGG,GCG,TTG,GAG,GGA,AAC
TCC,ACC,AGG,GAC,GAC,ATT,CTA,GGC,ACG,GTA,CAA,AGG,GAG,GAC,GGT,TTT,CTG,TTT,CCA,TAA,CCT,GTG,ACC,TTA,TGC,TCG,AAG,AAT,TAT,CTT,CAG,ACC,TAG,AAC,TTG,TTA,TCA,CGG,GGA,CCC,GCC,ACA,TGT,CCT,TCG,CAA,GGA,TAG,GTT,CGC
ATG,ATT,GTT,TCC,CCA,ATC,TGT,GGG,CCA,CTC,GTC,GCC,AGA,GGG,AAT,GAC,TCA,CGT,TAA,TTT,CAG,TAA,CTG,GCG,GCC,ATT,GGG,ATC,TAG,TCC,GCA,GCT,TGG,CCC,AGC,GGA,TAG,GCA,TAG,ATG,GAC,TGT,CTG,TAG,AGA,GTC,TCC,TCA,GGG,CTG
TCG,CTA,GCT,TCA,AGC,CTG,GGC,GAT,AGT,CCC,ACA,CAG,CCT,CTA,ATC,GCG,GGA,GCG,AAG,ATC,GAG,TAG,GGC,TTC,CAT,TTC,ACT,TAC,ACA,TCA,AAC,TTG,AGG,CCG,GGA,CTC,TTA,GAA,GGA,CTA,CTC,CGG,GGC,GCA,GGT,TTT,CTG,CGG,TAA,ACA
ACC,TGG,TAG,CAA,ATT,CTT,TAC,CTC,TAG,ATT,GTG,AAC,CTT,GGA,TCG,ACC,GCG,GCG,CTG,AAC,GCA,GGT,TAT,AAA,CCT,GAC,ACA,AAA,CTG,AGC,ACT,CGA,AAC,ACC,TAG,ACA,ACG,TTT,GCC,ATT,TGG,TCA,TGG,GGT,TTT,CGT,CCA,ACA,GTT,TCA
CTT,ATC,GGT,TCA,GTG,ATT,TTA,ACC,ATT,GCA,GCT,GGG,ACA,GAA,AGC,CTA,CAG,GGC,GCA,AAG,CCC,ACG,GCG,GTA,TTG,TTC,CCT,AGG,CGT,GGG,TTG,TGA,AAG,ATT,AAG,TTT,CAC,AAG,GGA,GTC,AAC,ATG,CGT,AGC,ACT,GTT,GTT,CTG,GCA,TCA
CAG,TCA,CGA,ATG,GAC,GCA,GGA,CAG,CGA,CAG,ACG,AGC,GTA,TTT,TAT,GGC,CCA,CGA,GTG,TCT,CAG,TGT,CCT,ACT,CCC,ACT,GGA,GAT,CTG,CCT,CGG,CCA,CCC,TCG,GGC,ACG,TTT,GTA,GAA,GAC,CCG,CTT,GTC,GAT,AAA,GTG,GTA,CCT,TTG,TCT
TGC,GAT,CTT,CGT,CAC,CGT,AGA,TGG,CAT,ATC,ATG,AGA,GAT,GAG,AAG,CGG,GGA,TCC,GCT,GGG,GTC,GAG,GAA,TAT,CTA,GGA,GGT,GAT,TAA,CAT,ATT,ATC,CTG,CCG,ATT,CAA,ACA,AGA,CTT,GCA,TTA,GTT,TTA,TGG,CAT,GGG,TAT,CTT,CCT,TGT
TCA,GCC,GTA,AGT,TGC,CAG,AGT,CAT,GCC,ACA,GAT,GGA,CAA,TTC,TGC,CGA,GTA,CAA,ATC,GGG,CCC,CGG,TAG,CTT,ACC,GGT,AGG,GGC,GCT,AGG,CCG,GCT,GCG,GGA,CGC,AGG,TTC,CCC,ATA,GAG,CTT,GCT,GTT,TCC,GCC,TCT,GCC,GCA,AAC,CTA
AGA,GCC,TGG,CGC,CGC,TTG,TCT,GAA,TTG,AGT,TAT,CGT,TCG,GCC,TAT,AGT,TAC,CAA,GCG,GCC,AAC,ATC,TCG,CCC,TCC,TCG,CTG,GAG,CAT,GCT,CAA,CAT,TGA,GAC,AGC,ATT,TTG,GGG,AAG,TTG,TGG,GGA,TAG,TGT,TTA,AAA,TAG,ATA,TAT,GGA
GCC,TTA,ATC,TAC,GGA,CCT,ATA,GTG,CGT,GTT,GCG,TGC,CGT,GAT,CGA,GAG,GGT,CAG,TAT,ATG,TAT,ATC,ACT,GCA,CTG,CCC,TGT,GGA,TAC,TCT,CCA,GAA,CCT,ACG,GAC,TCG,ACG,CGC,GGC,TAG,GAT,AGA,CGG,GAT,GCA,CTC,TTC,GGC,AAG,GGC
